epoch,time,train/box_loss,train/cls_loss,train/dfl_loss,metrics/precision(B),metrics/recall(B),metrics/mAP50(B),metrics/mAP50-95(B),val/box_loss,val/cls_loss,val/dfl_loss,lr/pg0,lr/pg1,lr/pg2
1,510.217,1.72588,2.36145,1.8389,0.00384,0.22044,0.00246,0.00104,3.25895,inf,8.13905,0.000664894,0.000664894,0.000664894
2,1031.55,1.89505,2.46652,1.97598,0.26915,0.28725,0.20652,0.0979,1.74534,2.51054,1.85231,0.00131838,0.00131838,0.00131838
3,1547.97,1.81425,2.37617,1.88469,0.29053,0.3176,0.21196,0.0998,1.69261,2.76475,1.79706,0.00195866,0.00195866,0.00195866
4,2061.11,1.72771,2.2968,1.80563,0.34787,0.39963,0.29847,0.15981,1.51371,2.26079,1.61869,0.0019406,0.0019406,0.0019406
5,2576.73,1.66283,2.21608,1.7641,0.38675,0.43729,0.35187,0.19011,1.47566,2.18041,1.58739,0.0019208,0.0019208,0.0019208
6,3095.3,1.608,2.10784,1.7161,0.42955,0.40651,0.34874,0.1897,1.42477,2.07034,1.58182,0.001901,0.001901,0.001901
7,3610.39,1.56037,2.05072,1.67889,0.43336,0.4504,0.38867,0.22039,1.40928,2.10396,1.55814,0.0018812,0.0018812,0.0018812
8,4125.04,1.51897,1.98802,1.64682,0.44029,0.45921,0.41939,0.24721,1.33673,1.90651,1.51107,0.0018614,0.0018614,0.0018614
9,4642.12,1.50738,1.94032,1.637,0.44188,0.44913,0.4109,0.22624,1.40126,2.00167,1.56036,0.0018416,0.0018416,0.0018416
10,5150.52,1.47685,1.89692,1.62817,0.5104,0.48396,0.4675,0.27478,1.31474,1.87473,1.47927,0.0018218,0.0018218,0.0018218
11,5666.1,1.46892,1.85992,1.61995,0.44826,0.50458,0.44385,0.26161,1.34321,1.83171,1.53844,0.001802,0.001802,0.001802
12,6174.14,1.45495,1.83989,1.60243,0.51689,0.47113,0.46752,0.28068,1.314,1.79437,1.50103,0.0017822,0.0017822,0.0017822
13,6689.32,1.40225,1.78157,1.56316,0.52222,0.51095,0.49354,0.29799,1.28658,1.70409,1.49145,0.0017624,0.0017624,0.0017624
14,7202.85,1.40252,1.75905,1.57202,0.51076,0.50779,0.47822,0.28769,1.29987,1.76193,1.50884,0.0017426,0.0017426,0.0017426
15,7711.35,1.37939,1.71856,1.54924,0.54388,0.50687,0.50942,0.31862,1.24858,1.60242,1.44833,0.0017228,0.0017228,0.0017228
16,8229.04,1.36503,1.70165,1.54036,0.56179,0.51527,0.52782,0.32481,1.23199,1.6039,1.44292,0.001703,0.001703,0.001703
17,8744.49,1.35096,1.66303,1.53116,0.56374,0.5165,0.52098,0.32415,1.25922,1.578,1.44904,0.0016832,0.0016832,0.0016832
18,9252.23,1.35771,1.65041,1.53221,0.58501,0.54076,0.56611,0.34059,1.26315,1.51087,1.44818,0.0016634,0.0016634,0.0016634
19,9767.46,1.32876,1.59883,1.51065,0.60019,0.51742,0.57163,0.35911,1.20871,1.48754,1.409,0.0016436,0.0016436,0.0016436
20,10283.2,1.31395,1.59316,1.50306,0.56683,0.55293,0.55453,0.3547,1.19411,1.50383,1.41202,0.0016238,0.0016238,0.0016238
21,10793.6,1.3087,1.5594,1.49213,0.57937,0.55487,0.56815,0.35673,1.21924,1.45909,1.41643,0.001604,0.001604,0.001604
22,11304,1.29979,1.54668,1.49092,0.58945,0.53208,0.549,0.34936,1.2145,1.50572,1.4206,0.0015842,0.0015842,0.0015842
23,11816.9,1.27711,1.50136,1.47011,0.57279,0.56899,0.56687,0.36065,1.19414,1.47184,1.40255,0.0015644,0.0015644,0.0015644
24,12334.6,1.27831,1.48321,1.47219,0.59476,0.56829,0.59078,0.37357,1.20483,1.4073,1.40619,0.0015446,0.0015446,0.0015446
25,12850.5,1.2554,1.46329,1.45767,0.5827,0.55675,0.56753,0.36568,1.1766,1.44199,1.39268,0.0015248,0.0015248,0.0015248
26,13360.6,1.24315,1.44931,1.44467,0.60902,0.53758,0.57063,0.36747,1.18595,1.44577,1.38136,0.001505,0.001505,0.001505
27,13874.3,1.22517,1.41888,1.4309,0.57589,0.58062,0.57171,0.37135,1.182,1.43853,1.38034,0.0014852,0.0014852,0.0014852
28,14389.3,1.22482,1.41417,1.43009,0.58257,0.56874,0.587,0.37711,1.18646,1.41146,1.39082,0.0014654,0.0014654,0.0014654
29,14906,1.21449,1.38998,1.43235,0.60978,0.56645,0.59919,0.38439,1.19483,1.38244,1.39546,0.0014456,0.0014456,0.0014456
30,15422,1.19735,1.35367,1.41199,0.60464,0.54598,0.57671,0.36919,1.17345,1.39493,1.36456,0.0014258,0.0014258,0.0014258
31,15935.3,1.18556,1.33695,1.40152,0.59431,0.57804,0.59299,0.38839,1.19165,1.36377,1.39537,0.001406,0.001406,0.001406
32,16449.3,1.15443,1.29147,1.37877,0.63121,0.57699,0.61846,0.40465,1.17997,1.32846,1.37825,0.0013862,0.0013862,0.0013862
33,16964.1,1.14216,1.274,1.36712,0.60991,0.57837,0.6109,0.39999,1.14694,1.33854,1.35709,0.0013664,0.0013664,0.0013664
34,17474.1,1.13086,1.24614,1.36255,0.61231,0.58387,0.60115,0.39622,1.17493,1.3472,1.37663,0.0013466,0.0013466,0.0013466
35,17982.2,1.12375,1.23509,1.35712,0.58385,0.60128,0.60273,0.39303,1.15752,1.35546,1.36415,0.0013268,0.0013268,0.0013268
36,18493,1.10605,1.19823,1.34066,0.6303,0.56554,0.61235,0.40156,1.16058,1.31587,1.36714,0.001307,0.001307,0.001307
37,19003,1.0885,1.17978,1.33055,0.63141,0.57562,0.61263,0.40658,1.14311,1.30774,1.35901,0.0012872,0.0012872,0.0012872
38,19520.2,1.08773,1.16392,1.327,0.62985,0.58983,0.61753,0.40497,1.1667,1.28772,1.37687,0.0012674,0.0012674,0.0012674
39,20029.1,1.07415,1.13996,1.31625,0.59796,0.61962,0.62729,0.41743,1.12585,1.27462,1.35072,0.0012476,0.0012476,0.0012476
40,20542.6,1.06298,1.12216,1.30877,0.61579,0.60086,0.61731,0.40749,1.16983,1.29415,1.37888,0.0012278,0.0012278,0.0012278
41,21052.9,1.04656,1.09027,1.29398,0.59588,0.60357,0.61286,0.4025,1.16871,1.29734,1.37797,0.001208,0.001208,0.001208
42,21561.4,1.04841,1.08974,1.29302,0.61314,0.61916,0.63094,0.41622,1.13927,1.24386,1.36249,0.0011882,0.0011882,0.0011882
43,22068.7,1.0298,1.05981,1.28091,0.5956,0.6242,0.62103,0.41479,1.15194,1.26028,1.36695,0.0011684,0.0011684,0.0011684
44,22577.1,1.00285,1.01416,1.25822,0.61155,0.6169,0.62508,0.41131,1.15649,1.26061,1.37197,0.0011486,0.0011486,0.0011486
45,23087.3,1.00545,1.01088,1.26041,0.62541,0.59853,0.62383,0.41444,1.14599,1.25815,1.36527,0.0011288,0.0011288,0.0011288
46,23596.6,0.99217,0.99027,1.25471,0.62565,0.61595,0.63279,0.41936,1.14188,1.22903,1.37644,0.001109,0.001109,0.001109
47,24111.4,0.98428,0.96743,1.25056,0.6549,0.58879,0.62699,0.41622,1.16789,1.2414,1.37718,0.0010892,0.0010892,0.0010892
48,24622.1,0.9679,0.94523,1.23256,0.64952,0.61641,0.64336,0.43047,1.12563,1.20076,1.36511,0.0010694,0.0010694,0.0010694
49,25136,0.96266,0.92305,1.23094,0.64363,0.5976,0.63577,0.42782,1.13844,1.23509,1.36352,0.0010496,0.0010496,0.0010496
50,25643,0.94815,0.9176,1.21762,0.6238,0.62145,0.63148,0.41853,1.15395,1.21495,1.38615,0.0010298,0.0010298,0.0010298
51,26152.8,0.94054,0.89657,1.21619,0.63519,0.61412,0.63828,0.42942,1.13003,1.20221,1.36322,0.00101,0.00101,0.00101
52,26663.1,0.9275,0.87961,1.20345,0.65888,0.62673,0.64827,0.43391,1.13665,1.18791,1.36215,0.0009902,0.0009902,0.0009902
53,27176.8,0.91943,0.85695,1.19908,0.61294,0.63649,0.63898,0.43281,1.12998,1.19661,1.3689,0.0009704,0.0009704,0.0009704
54,27683.4,0.91713,0.8516,1.19534,0.65414,0.61197,0.64648,0.43106,1.14764,1.19226,1.37983,0.0009506,0.0009506,0.0009506
55,28192.4,0.89326,0.81595,1.17642,0.627,0.63978,0.63497,0.42735,1.14912,1.19253,1.39793,0.0009308,0.0009308,0.0009308
56,28698.9,0.89443,0.80784,1.17577,0.62402,0.63107,0.63512,0.43196,1.1415,1.21124,1.38662,0.000911,0.000911,0.000911
57,29206.7,0.87442,0.77851,1.16324,0.63133,0.62328,0.63422,0.42654,1.14826,1.20651,1.39346,0.0008912,0.0008912,0.0008912
58,29714.8,0.86456,0.77039,1.15883,0.64038,0.61916,0.64638,0.43547,1.14282,1.19133,1.39166,0.0008714,0.0008714,0.0008714
59,30229.7,0.85327,0.75278,1.14695,0.65433,0.60724,0.63774,0.43164,1.13852,1.18482,1.38286,0.0008516,0.0008516,0.0008516
60,30736.1,0.85569,0.74516,1.14905,0.63385,0.64343,0.64088,0.42991,1.13984,1.18373,1.38369,0.0008318,0.0008318,0.0008318
61,31242.3,0.84443,0.72981,1.13905,0.65451,0.6462,0.65508,0.44562,1.13003,1.15096,1.38572,0.000812,0.000812,0.000812
62,31757.9,0.82961,0.71399,1.13117,0.62915,0.64766,0.64129,0.43843,1.12893,1.16748,1.38903,0.0007922,0.0007922,0.0007922
63,32264.3,0.82058,0.70034,1.12326,0.67741,0.6022,0.64689,0.44189,1.11933,1.16574,1.37987,0.0007724,0.0007724,0.0007724
64,32771.1,0.81393,0.68438,1.11804,0.6683,0.62099,0.63968,0.43605,1.13344,1.18017,1.39037,0.0007526,0.0007526,0.0007526
65,33278.8,0.79374,0.66577,1.10983,0.64131,0.65061,0.64882,0.44271,1.12309,1.17682,1.38152,0.0007328,0.0007328,0.0007328
66,33788,0.79358,0.66842,1.10448,0.66524,0.62557,0.64718,0.43951,1.13077,1.16945,1.39822,0.000713,0.000713,0.000713
67,34295.7,0.78337,0.64499,1.09883,0.65158,0.63338,0.64924,0.44115,1.13287,1.17161,1.40144,0.0006932,0.0006932,0.0006932
68,34802.3,0.78257,0.64262,1.09792,0.66075,0.62053,0.64302,0.43816,1.13219,1.16254,1.40948,0.0006734,0.0006734,0.0006734
69,35309.5,0.7698,0.62947,1.08485,0.63552,0.6572,0.64441,0.43748,1.13378,1.18042,1.40448,0.0006536,0.0006536,0.0006536
70,35819.9,0.75533,0.61062,1.08091,0.6873,0.59733,0.65563,0.4464,1.128,1.16772,1.41014,0.0006338,0.0006338,0.0006338
71,36334.1,0.75651,0.60781,1.079,0.67946,0.61595,0.64916,0.44211,1.13395,1.1656,1.41335,0.000614,0.000614,0.000614
72,36843.1,0.74694,0.59535,1.07196,0.66364,0.62391,0.64748,0.44235,1.12672,1.1662,1.40568,0.0005942,0.0005942,0.0005942
73,37351.6,0.73366,0.58677,1.06612,0.69612,0.59946,0.65131,0.44934,1.12634,1.16181,1.40396,0.0005744,0.0005744,0.0005744
74,37863.5,0.72375,0.57016,1.05761,0.6695,0.64024,0.65987,0.45228,1.13374,1.1685,1.41578,0.0005546,0.0005546,0.0005546
75,38375.2,0.72775,0.56534,1.05828,0.66699,0.65124,0.66029,0.45197,1.12223,1.15226,1.40324,0.0005348,0.0005348,0.0005348
76,38882.4,0.71583,0.55579,1.05407,0.67409,0.63199,0.65897,0.45426,1.12456,1.15445,1.40903,0.000515,0.000515,0.000515
77,39397.9,0.70558,0.54812,1.04762,0.66228,0.63566,0.66036,0.45618,1.11988,1.15328,1.40985,0.0004952,0.0004952,0.0004952
78,39911.5,0.70009,0.54418,1.04075,0.64797,0.65629,0.6602,0.45604,1.12289,1.14689,1.42173,0.0004754,0.0004754,0.0004754
79,40418.2,0.69664,0.53329,1.04214,0.65054,0.63902,0.65232,0.45304,1.12295,1.16409,1.41513,0.0004556,0.0004556,0.0004556
80,40927.7,0.68695,0.52349,1.03277,0.65411,0.63703,0.64736,0.44684,1.13836,1.18329,1.43246,0.0004358,0.0004358,0.0004358
81,41435.5,0.67728,0.51063,1.02628,0.70608,0.60816,0.64974,0.44982,1.14009,1.17754,1.43978,0.000416,0.000416,0.000416
82,41941.2,0.67434,0.50926,1.02524,0.68788,0.61137,0.64984,0.44914,1.13723,1.18923,1.43375,0.0003962,0.0003962,0.0003962
83,42447.7,0.66603,0.49345,1.01873,0.7104,0.59808,0.65249,0.45221,1.13154,1.18258,1.43053,0.0003764,0.0003764,0.0003764
84,42957.4,0.66039,0.48594,1.02189,0.69481,0.60724,0.65105,0.4508,1.13803,1.18572,1.43952,0.0003566,0.0003566,0.0003566
85,43465.5,0.65015,0.47504,1.00822,0.67377,0.62328,0.6505,0.45119,1.13965,1.1889,1.44028,0.0003368,0.0003368,0.0003368
86,43973.2,0.64716,0.47899,1.00685,0.65863,0.64299,0.6555,0.45438,1.13678,1.17974,1.44219,0.000317,0.000317,0.000317
87,44483.1,0.64025,0.46875,1.0041,0.70419,0.60441,0.64949,0.45005,1.14089,1.18516,1.45218,0.0002972,0.0002972,0.0002972
88,44993.7,0.63563,0.46689,1.00281,0.68099,0.62007,0.64909,0.4512,1.1448,1.1856,1.4587,0.0002774,0.0002774,0.0002774
89,45501.4,0.63095,0.45802,0.99849,0.66429,0.63932,0.65367,0.45598,1.14361,1.18802,1.45961,0.0002576,0.0002576,0.0002576
90,46010.7,0.62272,0.45374,0.99252,0.69404,0.61959,0.65093,0.45272,1.14241,1.19521,1.46253,0.0002378,0.0002378,0.0002378
91,46525.3,0.61575,0.44476,0.99115,0.72588,0.59221,0.65059,0.4501,1.14762,1.19516,1.47056,0.000218,0.000218,0.000218
92,47034,0.60983,0.43602,0.98517,0.71069,0.60403,0.6496,0.45162,1.14513,1.19516,1.46667,0.0001982,0.0001982,0.0001982
93,47542.1,0.60507,0.43084,0.97927,0.70668,0.61182,0.64949,0.4529,1.14691,1.2041,1.46872,0.0001784,0.0001784,0.0001784
94,48051.2,0.59995,0.42748,0.98215,0.69952,0.61348,0.64734,0.45038,1.15329,1.2105,1.47565,0.0001586,0.0001586,0.0001586
95,48559,0.59645,0.4263,0.9765,0.68597,0.61567,0.64885,0.45154,1.15247,1.20943,1.48045,0.0001388,0.0001388,0.0001388
96,49068.5,0.59074,0.42292,0.97705,0.69615,0.61045,0.64784,0.4516,1.15345,1.20749,1.48588,0.000119,0.000119,0.000119
97,49576.9,0.58579,0.41626,0.97431,0.68185,0.62174,0.64937,0.45316,1.15419,1.20292,1.48582,9.92e-05,9.92e-05,9.92e-05
98,50086.2,0.58591,0.41611,0.97578,0.67227,0.63336,0.64962,0.45372,1.15379,1.20537,1.48502,7.94e-05,7.94e-05,7.94e-05
99,50593.4,0.58167,0.41078,0.96903,0.67953,0.62389,0.65101,0.4547,1.15203,1.21329,1.48218,5.96e-05,5.96e-05,5.96e-05
100,51101.1,0.57583,0.40651,0.9684,0.67704,0.62603,0.6501,0.45456,1.15249,1.21589,1.48634,3.98e-05,3.98e-05,3.98e-05
